id,Alpha,Beta,Gamma,Delta,Omicron
1,0,1,1,0,0
2,0,0,1,0,0
3,0,0,0,0,1
4,1,0,0,0,1
5,1,0,0,0,1
6,0,0,0,0,1
7,1,0,0,0,1
8,0,0,0,0,1
9,0,1,0,0,0
10,0,1,0,0,0
11,0,1,0,0,0
12,0,1,0,0,0
13,0,1,1,0,1
14,0,0,0,1,0
15,0,0,0,0,1
16,0,0,0,1,1
17,0,1,1,0,1
18,1,1,1,0,1
19,1,1,1,1,1
20,0,0,1,0,1
21,1,0,0,1,1
22,0,1,0,0,0
23,0,0,0,1,0
24,0,0,1,0,0
25,1,0,0,0,0
26,1,0,0,0,0
27,1,0,0,0,0
28,1,0,0,0,0
29,0,1,0,0,0
30,0,1,0,0,0
31,0,0,1,0,0
32,0,0,1,0,0
33,0,0,1,0,0
34,0,0,1,0,0
35,0,0,1,0,0
36,0,0,1,0,0
37,0,0,1,0,0
38,0,0,1,0,0
39,0,0,0,0,1
40,0,0,0,0,1
41,0,0,0,0,1
42,0,0,0,0,1
43,0,0,0,0,1
44,0,0,0,0,1
45,0,0,0,0,1
46,0,0,0,0,1
47,0,0,0,0,1
48,0,0,0,0,1
49,0,0,0,0,1
50,0,0,0,0,1
51,0,0,0,0,1
52,0,0,0,0,1
53,0,0,0,0,1
54,0,0,0,0,1
55,0,0,0,0,1
56,0,0,0,0,1
57,0,0,0,0,1
58,0,0,0,0,1
59,0,0,0,0,1